user_id,item_id,rating,liked,clicked,timestamp
45,99,5,1,1,2026-01-01 10:35:00
7,81,4,1,1,2026-03-24 20:09:00
15,50,4,1,1,2026-02-14 12:31:00
38,26,5,1,1,2026-04-08 08:35:00
6,42,4,1,1,2026-01-08 12:17:00
46,77,5,1,1,2026-05-07 19:35:00
42,77,2,0,1,2026-03-05 21:43:00
15,89,3,1,1,2026-02-17 11:40:00
39,41,5,1,1,2026-02-17 14:43:00
7,46,3,1,1,2026-05-17 12:32:00
4,21,3,1,1,2026-04-23 06:29:00
37,1,3,0,1,2026-02-27 08:22:00
16,59,3,0,1,2026-04-06 19:03:00
14,29,3,0,1,2026-05-09 13:03:00
9,102,5,1,1,2026-01-27 10:20:00
42,19,3,1,1,2026-01-23 06:54:00
6,68,3,0,1,2026-04-21 18:47:00
29,3,5,1,1,2026-03-01 08:35:00
49,58,2,0,1,2026-02-04 20:42:00
16,25,5,1,1,2026-02-03 09:04:00
35,28,2,0,1,2026-03-07 14:29:00
14,56,5,1,1,2026-01-08 20:50:00
44,84,3,1,1,2026-02-22 21:44:00
45,49,3,0,1,2026-05-29 14:05:00
42,56,2,0,1,2026-04-11 20:37:00
14,2,5,1,1,2026-02-09 09:20:00
38,98,5,1,1,2026-04-19 22:57:00
11,29,3,0,1,2026-03-26 12:46:00
2,45,4,1,1,2026-04-21 13:29:00
30,71,5,1,1,2026-03-18 18:36:00
5,49,3,1,1,2026-04-12 11:54:00
35,83,5,1,1,2026-02-17 18:44:00
17,85,4,1,1,2026-04-22 10:29:00
18,87,2,0,1,2026-02-05 10:00:00
23,102,5,1,1,2026-01-01 15:22:00
50,87,3,0,1,2026-03-01 10:39:00
5,28,4,1,1,2026-02-14 12:08:00
7,48,2,0,1,2026-01-15 13:53:00
32,58,5,1,1,2026-02-15 18:26:00
44,59,3,0,1,2026-02-21 21:26:00
46,88,5,1,1,2026-04-19 10:58:00
46,78,3,0,1,2026-02-27 18:17:00
47,50,3,1,1,2026-05-08 14:11:00
36,4,3,1,1,2026-04-16 07:11:00
18,59,2,0,1,2026-02-26 19:12:00
5,23,3,1,1,2026-04-19 08:29:00
19,78,4,1,1,2026-03-23 19:40:00
25,19,5,1,1,2026-05-05 09:56:00
43,103,3,1,1,2026-03-19 17:52:00
29,82,5,1,1,2026-01-11 18:53:00
29,28,3,0,1,2026-05-18 11:08:00
31,102,3,1,1,2026-03-25 16:56:00
31,77,3,0,1,2026-04-17 19:36:00
46,86,4,1,1,2026-02-01 16:23:00
25,52,3,0,1,2026-05-11 13:10:00
5,19,3,0,1,2026-03-17 08:47:00
19,70,3,1,1,2026-03-23 19:45:00
47,79,4,1,1,2026-03-14 19:14:00
46,5,5,1,1,2026-05-25 07:04:00
9,89,5,1,1,2026-05-06 11:07:00
32,29,3,0,1,2026-01-01 13:00:00
36,98,4,1,1,2026-05-20 11:20:00
32,103,5,1,1,2026-02-11 22:18:00
44,24,3,1,1,2026-04-13 07:27:00
9,29,3,1,1,2026-04-25 14:10:00
33,53,4,1,1,2026-03-31 13:17:00
25,101,4,1,1,2026-02-28 16:51:00
9,99,5,1,1,2026-01-19 16:11:00
13,50,5,1,1,2026-05-29 14:18:00
12,3,3,1,1,2026-01-17 06:59:00
29,1,5,1,1,2026-01-26 06:36:00
16,20,5,1,1,2026-02-05 09:49:00
22,72,4,1,1,2026-05-31 19:07:00
24,75,4,1,1,2026-03-02 18:18:00
44,31,4,1,1,2026-05-05 13:21:00
42,28,4,1,1,2026-02-11 14:27:00
20,25,2,0,1,2026-05-12 07:04:00
44,80,4,1,1,2026-05-25 19:22:00
17,5,5,1,1,2026-02-12 08:10:00
2,58,4,1,1,2026-04-25 19:47:00
46,85,5,1,1,2026-04-20 17:39:00
20,58,3,0,1,2026-04-12 18:32:00
29,56,4,1,1,2026-04-03 21:52:00
29,4,5,1,1,2026-02-17 08:20:00
35,52,3,0,1,2026-03-15 14:24:00
30,27,3,0,1,2026-04-23 06:59:00
31,99,3,0,1,2026-04-10 16:30:00
19,81,3,1,1,2026-05-22 20:42:00
18,77,3,0,1,2026-04-08 21:11:00
8,21,5,1,1,2026-04-24 08:48:00
46,20,5,1,1,2026-01-03 09:24:00
4,87,3,1,1,2026-05-03 16:21:00
4,56,3,1,1,2026-03-11 21:28:00
11,87,3,0,1,2026-02-05 10:35:00
46,102,5,1,1,2026-03-26 17:12:00
35,81,3,1,1,2026-02-21 19:35:00
44,87,3,1,1,2026-05-10 16:46:00
29,24,5,1,1,2026-01-29 06:33:00
35,26,4,1,1,2026-02-15 09:06:00
10,26,5,1,1,2026-05-12 06:20:00
12,57,4,1,1,2026-04-24 18:43:00
27,77,3,1,1,2026-01-03 19:26:00
3,25,5,1,1,2026-03-12 06:33:00
45,4,5,1,1,2026-02-13 07:34:00
14,24,5,1,1,2026-05-06 07:22:00
29,102,5,1,1,2026-05-19 15:29:00
2,3,3,0,1,2026-04-27 07:51:00
38,75,3,0,1,2026-01-02 20:41:00
9,50,5,1,1,2026-02-16 12:04:00
48,2,4,1,1,2026-04-26 08:05:00
27,85,2,0,1,2026-04-16 10:22:00
10,102,5,1,1,2026-03-28 17:02:00
40,28,3,1,1,2026-05-31 11:20:00
15,42,4,1,1,2026-02-12 11:36:00
26,27,5,1,1,2026-02-05 06:47:00
15,56,3,1,1,2026-02-05 20:15:00
1,83,5,1,1,2026-05-25 20:59:00
18,17,4,1,1,2026-02-08 06:39:00
26,25,5,1,1,2026-05-30 08:22:00
45,80,5,1,1,2026-03-13 18:55:00
21,1,3,1,1,2026-04-16 06:55:00
13,49,4,1,1,2026-05-06 12:58:00
46,42,3,0,1,2026-03-19 14:04:00
46,59,3,0,1,2026-01-19 21:48:00
40,84,2,0,1,2026-01-09 21:56:00
19,20,5,1,1,2026-03-18 07:06:00
4,57,2,0,1,2026-04-13 21:04:00
48,79,5,1,1,2026-03-18 20:37:00
44,53,3,0,1,2026-03-13 12:44:00
39,30,3,0,1,2026-01-31 12:08:00
10,68,4,1,1,2026-03-30 19:56:00
13,86,5,1,1,2026-03-28 15:48:00
7,78,3,1,1,2026-01-15 20:32:00
1,50,5,1,1,2026-04-16 11:11:00
50,30,5,1,1,2026-04-25 14:32:00
30,81,3,0,1,2026-04-06 19:48:00
12,21,4,1,1,2026-05-10 07:36:00
22,42,3,0,1,2026-01-30 14:25:00
12,27,4,1,1,2026-04-06 09:44:00
37,100,3,1,1,2026-01-06 15:12:00
38,89,5,1,1,2026-02-07 16:59:00
14,73,2,0,1,2026-03-13 18:11:00
37,2,2,0,1,2026-01-06 07:53:00
12,85,3,1,1,2026-02-09 16:47:00
37,77,4,1,1,2026-02-03 21:22:00
15,17,3,0,1,2026-04-28 06:16:00
35,79,4,1,1,2026-01-07 19:31:00
3,82,4,1,1,2026-05-26 21:21:00
45,5,5,1,1,2026-02-22 07:23:00
49,82,2,0,1,2026-04-29 18:04:00
42,4,3,0,1,2026-03-18 09:51:00
17,78,3,0,1,2026-05-18 19:17:00
32,73,3,0,1,2026-01-02 19:56:00
23,78,3,0,1,2026-03-28 18:48:00
27,28,3,0,1,2026-03-02 13:47:00
29,86,5,1,1,2026-03-24 16:41:00
18,89,3,0,1,2026-04-18 16:03:00
44,25,3,0,1,2026-01-22 08:23:00
9,42,3,1,1,2026-01-20 12:33:00
1,102,5,1,1,2026-01-03 10:04:00
25,23,4,1,1,2026-02-28 06:32:00
44,82,2,0,1,2026-04-27 20:15:00
19,80,5,1,1,2026-04-11 18:11:00
16,75,3,1,1,2026-05-21 19:36:00
26,3,5,1,1,2026-04-12 07:26:00
3,24,4,1,1,2026-05-25 07:29:00
10,22,5,1,1,2026-01-19 09:29:00
27,46,3,0,1,2026-02-23 14:37:00
38,87,5,1,1,2026-03-11 16:11:00
46,18,3,0,1,2026-03-24 09:54:00
35,51,4,1,1,2026-05-19 14:13:00
39,59,2,0,1,2026-02-16 20:24:00
23,68,3,0,1,2026-04-16 20:53:00
21,87,4,1,1,2026-03-14 15:43:00
22,21,4,1,1,2026-02-05 09:53:00
30,3,4,1,1,2026-05-14 08:35:00
24,88,3,0,1,2026-05-16 16:35:00
44,85,2,0,1,2026-04-11 10:42:00
6,23,3,0,1,2026-01-21 08:38:00
47,85,2,0,1,2026-01-06 22:08:00
4,50,2,0,1,2026-02-10 12:11:00
24,5,3,1,1,2026-05-23 08:08:00
28,17,3,1,1,2026-04-16 08:09:00
31,104,3,1,1,2026-02-12 16:18:00
10,72,4,1,1,2026-05-31 19:49:00
44,55,4,1,1,2026-01-11 11:10:00
17,100,5,1,1,2026-05-14 17:50:00
41,82,3,1,1,2026-03-23 21:30:00
29,2,4,1,1,2026-05-18 09:12:00
41,5,3,0,1,2026-04-01 09:38:00
21,53,3,0,1,2026-02-22 13:41:00
15,55,4,1,1,2026-03-26 14:29:00
3,81,3,1,1,2026-02-24 21:20:00
50,56,3,1,1,2026-03-14 21:35:00
27,31,3,1,1,2026-03-16 13:38:00
44,42,3,0,1,2026-01-24 11:27:00
29,25,5,1,1,2026-03-12 07:04:00
35,25,2,0,1,2026-04-09 07:19:00
23,103,5,1,1,2026-02-07 10:42:00
26,41,5,1,1,2026-02-21 11:47:00
10,43,4,1,1,2026-03-16 13:30:00
28,21,2,0,1,2026-02-08 06:34:00
46,29,3,1,1,2026-05-18 11:50:00
7,4,5,1,1,2026-04-12 06:00:00
6,57,2,0,1,2026-03-22 21:20:00
49,57,2,0,1,2026-05-17 21:10:00
15,49,3,1,1,2026-01-31 12:19:00
27,18,4,1,1,2026-03-18 08:35:00
45,84,5,1,1,2026-05-27 20:36:00
48,86,3,0,1,2026-03-20 22:00:00
17,99,5,1,1,2026-03-03 10:15:00
19,98,5,1,1,2026-02-06 10:54:00
47,52,3,0,1,2026-01-18 13:12:00
44,100,3,0,1,2026-05-23 15:57:00
45,58,5,1,1,2026-01-01 18:59:00
49,31,3,0,1,2026-03-28 12:43:00
42,58,3,0,1,2026-02-13 20:36:00
10,55,4,1,1,2026-04-18 12:55:00
48,49,3,0,1,2026-02-05 13:00:00
23,4,4,1,1,2026-01-27 09:26:00
7,21,4,1,1,2026-03-22 09:36:00
14,57,4,1,1,2026-01-28 18:00:00
41,2,2,0,1,2026-03-23 09:30:00
8,23,4,1,1,2026-03-21 07:13:00
36,103,3,1,1,2026-01-14 11:07:00
37,56,3,1,1,2026-03-12 18:04:00
20,86,2,0,1,2026-04-10 17:26:00
19,28,4,1,1,2026-02-14 14:19:00
43,101,3,1,1,2026-05-07 22:37:00
1,16,3,0,1,2026-04-21 07:02:00
1,51,4,1,1,2026-03-02 12:51:00
18,52,3,1,1,2026-01-16 11:17:00
28,50,2,0,1,2026-05-14 12:30:00
20,19,3,0,1,2026-01-22 08:51:00
9,58,5,1,1,2026-01-31 20:49:00
43,102,3,0,1,2026-01-02 16:07:00
16,55,3,0,1,2026-04-20 12:44:00
9,78,2,0,1,2026-03-26 20:07:00
43,25,3,0,1,2026-03-18 07:33:00
34,55,3,0,1,2026-03-02 14:44:00
18,30,4,1,1,2026-03-04 13:31:00
32,25,4,1,1,2026-05-28 08:21:00
25,4,5,1,1,2026-04-25 09:55:00
20,59,4,1,1,2026-05-02 19:30:00
3,56,5,1,1,2026-03-29 18:54:00
38,49,3,1,1,2026-02-01 11:25:00
40,45,4,1,1,2026-05-27 14:20:00
12,28,3,0,1,2026-05-29 11:02:00
1,48,3,1,1,2026-02-03 13:56:00
24,2,4,1,1,2026-01-18 07:20:00
45,18,2,0,1,2026-01-30 06:34:00
21,102,2,0,1,2026-05-17 11:46:00
9,21,5,1,1,2026-04-25 07:39:00
23,87,5,1,1,2026-05-21 22:24:00
11,28,3,0,1,2026-05-06 13:30:00
38,59,3,1,1,2026-05-11 18:58:00
49,56,5,1,1,2026-02-14 21:15:00
14,25,5,1,1,2026-05-12 09:06:00
21,30,4,1,1,2026-05-17 14:58:00
32,86,5,1,1,2026-03-15 16:38:00
1,45,4,1,1,2026-01-21 12:04:00
38,76,4,1,1,2026-05-28 18:54:00
33,30,3,0,1,2026-03-11 14:05:00
16,21,5,1,1,2026-02-22 07:51:00
1,77,4,1,1,2026-01-28 21:55:00
48,84,2,0,1,2026-01-19 20:02:00
10,78,4,1,1,2026-04-17 18:31:00
45,24,5,1,1,2026-03-15 07:11:00
42,84,4,1,1,2026-01-16 18:21:00
6,84,4,1,1,2026-05-23 18:38:00
19,85,5,1,1,2026-02-11 16:04:00
49,20,2,0,1,2026-01-26 07:18:00
46,30,4,1,1,2026-05-02 11:57:00
2,73,4,1,1,2026-03-02 20:21:00
33,87,3,1,1,2026-02-16 22:58:00
5,2,3,0,1,2026-01-25 06:19:00
11,57,3,0,1,2026-05-24 20:42:00
8,75,4,1,1,2026-02-12 21:02:00
32,85,5,1,1,2026-01-17 15:30:00
25,20,5,1,1,2026-05-09 06:42:00
12,88,2,0,1,2026-03-04 22:02:00
27,70,2,0,1,2026-04-26 20:16:00
20,41,4,1,1,2026-03-21 13:53:00
24,59,4,1,1,2026-01-17 18:44:00
17,102,5,1,1,2026-02-25 10:59:00
20,31,4,1,1,2026-05-05 13:52:00
3,54,4,1,1,2026-01-14 13:14:00
25,73,3,0,1,2026-03-04 18:08:00
21,42,5,1,1,2026-03-17 14:54:00
32,5,4,1,1,2026-01-31 06:29:00
34,45,2,0,1,2026-03-16 11:18:00
23,101,5,1,1,2026-03-16 22:22:00
40,55,4,1,1,2026-04-04 14:09:00
30,57,3,0,1,2026-03-15 18:21:00
22,49,4,1,1,2026-02-23 14:21:00
2,71,3,1,1,2026-02-24 21:50:00
11,99,2,0,1,2026-01-23 22:36:00
19,104,5,1,1,2026-01-20 11:22:00
31,3,2,0,1,2026-05-23 08:14:00
2,52,5,1,1,2026-01-01 13:18:00
2,31,3,1,1,2026-04-23 11:45:00
23,45,3,0,1,2026-01-31 14:13:00
16,80,5,1,1,2026-05-18 19:20:00
39,77,3,0,1,2026-02-13 18:23:00
31,44,5,1,1,2026-02-22 12:37:00
11,55,3,0,1,2026-03-16 11:18:00
26,29,4,1,1,2026-01-15 12:40:00
34,58,5,1,1,2026-01-14 18:45:00
34,73,3,0,1,2026-01-24 19:52:00
30,26,5,1,1,2026-03-05 07:04:00
15,25,3,0,1,2026-04-02 06:31:00
45,87,5,1,1,2026-02-03 11:32:00
5,101,3,1,1,2026-04-21 11:15:00
33,89,3,1,1,2026-03-25 11:49:00
37,28,4,1,1,2026-03-30 14:31:00
7,71,3,0,1,2026-05-01 21:40:00
20,99,2,0,1,2026-05-31 17:50:00
40,73,3,0,1,2026-05-23 20:56:00
8,78,4,1,1,2026-05-28 19:45:00
12,50,3,1,1,2026-05-17 14:52:00
2,70,3,0,1,2026-05-14 19:23:00
5,72,3,0,1,2026-05-22 21:05:00
27,71,3,0,1,2026-02-25 20:30:00
37,85,2,0,1,2026-04-26 16:15:00
24,56,4,1,1,2026-04-06 18:35:00
50,78,4,1,1,2026-01-06 21:27:00
3,74,3,0,1,2026-03-13 21:15:00
39,4,3,0,1,2026-04-24 08:11:00
43,89,2,0,1,2026-02-23 16:41:00
9,86,5,1,1,2026-02-16 17:18:00
36,28,3,0,1,2026-04-05 12:28:00
1,21,5,1,1,2026-02-23 07:42:00
42,80,3,1,1,2026-04-28 21:07:00
45,104,5,1,1,2026-03-23 16:16:00
3,86,5,1,1,2026-01-30 11:19:00
40,3,2,0,1,2026-05-13 07:36:00
4,29,3,0,1,2026-03-15 13:44:00
35,56,4,1,1,2026-05-03 21:25:00
5,83,3,1,1,2026-01-06 21:17:00
21,24,2,0,1,2026-01-02 08:35:00
14,27,5,1,1,2026-03-17 07:45:00
16,73,3,0,1,2026-05-17 21:13:00
29,27,4,1,1,2026-05-10 09:46:00
2,2,2,0,1,2026-01-12 07:30:00
5,80,3,0,1,2026-04-29 18:41:00
29,98,4,1,1,2026-01-26 22:14:00
27,25,2,0,1,2026-03-25 08:39:00
10,73,3,0,1,2026-05-09 19:37:00
40,85,3,0,1,2026-04-30 15:59:00
30,46,4,1,1,2026-04-21 13:50:00
26,21,5,1,1,2026-05-13 06:44:00
32,101,5,1,1,2026-03-26 17:26:00
17,19,4,1,1,2026-05-22 09:14:00
11,3,3,1,1,2026-02-04 09:17:00
34,50,5,1,1,2026-01-02 14:54:00
5,18,3,0,1,2026-03-25 06:18:00
42,41,2,0,1,2026-04-13 13:11:00
48,44,3,0,1,2026-05-02 11:21:00
10,5,5,1,1,2026-03-15 06:54:00
29,99,5,1,1,2026-05-06 17:39:00
16,85,4,1,1,2026-01-27 15:23:00
48,27,3,1,1,2026-05-15 06:29:00
45,89,4,1,1,2026-01-31 22:59:00
38,70,4,1,1,2026-04-07 18:00:00
14,1,4,1,1,2026-03-25 09:00:00
19,44,2,0,1,2026-01-01 11:24:00
9,4,5,1,1,2026-04-12 08:41:00
43,1,3,0,1,2026-03-27 06:06:00
18,73,2,0,1,2026-04-07 20:06:00
2,47,4,1,1,2026-04-26 13:48:00
43,3,3,0,1,2026-02-02 07:00:00
8,50,5,1,1,2026-03-01 12:19:00
37,75,3,1,1,2026-03-27 18:18:00
5,70,3,1,1,2026-03-16 20:26:00
12,89,3,0,1,2026-05-14 11:26:00
35,16,2,0,1,2026-04-10 08:09:00
4,53,3,1,1,2026-05-31 14:19:00
10,3,4,1,1,2026-01-12 06:08:00
26,99,5,1,1,2026-04-07 17:30:00
47,84,4,1,1,2026-03-17 19:20:00
24,104,4,1,1,2026-02-06 11:11:00
43,31,5,1,1,2026-04-03 14:51:00
26,88,5,1,1,2026-03-15 11:02:00
8,24,4,1,1,2026-01-21 06:16:00
35,58,4,1,1,2026-01-24 18:38:00
10,56,5,1,1,2026-03-25 20:12:00
42,98,3,0,1,2026-03-26 10:41:00
33,98,2,0,1,2026-04-06 10:49:00
31,17,4,1,1,2026-05-25 07:20:00
3,99,5,1,1,2026-04-05 11:38:00
8,73,3,0,1,2026-05-15 18:41:00
3,2,5,1,1,2026-01-31 06:22:00
44,16,4,1,1,2026-04-18 07:08:00
9,49,3,1,1,2026-03-12 11:04:00
19,23,3,1,1,2026-05-27 09:09:00
42,5,2,0,1,2026-03-26 06:18:00
14,89,4,1,1,2026-04-22 11:53:00
50,55,4,1,1,2026-03-23 11:33:00
14,41,4,1,1,2026-03-29 14:49:00
37,5,3,1,1,2026-02-08 07:33:00
35,31,3,1,1,2026-02-18 12:02:00
17,43,2,0,1,2026-03-04 11:30:00
17,101,4,1,1,2026-04-12 17:18:00
38,18,3,0,1,2026-03-19 08:31:00
30,24,3,0,1,2026-03-18 07:13:00
5,48,3,0,1,2026-05-08 13:49:00
23,49,3,1,1,2026-01-28 11:57:00
6,86,3,1,1,2026-02-09 22:59:00
38,19,5,1,1,2026-04-17 07:31:00
47,102,2,0,1,2026-01-31 11:56:00
10,50,5,1,1,2026-01-14 12:23:00
27,23,3,0,1,2026-05-21 08:15:00
41,56,3,0,1,2026-01-22 21:23:00
13,24,4,1,1,2026-05-15 07:15:00
32,59,3,1,1,2026-01-18 20:19:00
46,31,4,1,1,2026-04-03 11:17:00
25,100,4,1,1,2026-02-12 15:59:00
19,86,5,1,1,2026-05-04 22:01:00
37,73,5,1,1,2026-05-15 18:30:00
6,82,3,0,1,2026-05-23 18:37:00
12,4,3,0,1,2026-02-04 09:23:00
50,100,3,0,1,2026-04-03 16:24:00
44,102,3,1,1,2026-03-04 11:48:00
25,68,3,0,1,2026-01-05 19:33:00
45,85,5,1,1,2026-05-10 16:07:00
21,80,3,1,1,2026-03-12 21:57:00
36,53,3,0,1,2026-03-19 13:26:00
6,18,4,1,1,2026-02-01 09:05:00
35,19,3,0,1,2026-01-25 08:54:00
1,103,4,1,1,2026-01-03 16:39:00
36,57,4,1,1,2026-01-17 18:07:00
38,56,5,1,1,2026-05-02 20:48:00
48,43,4,1,1,2026-04-19 14:48:00
7,86,5,1,1,2026-01-20 11:49:00
1,24,5,1,1,2026-04-16 07:17:00
30,31,4,1,1,2026-01-14 13:33:00
19,68,2,0,1,2026-01-26 20:13:00
2,41,3,1,1,2026-02-27 12:09:00
14,59,2,0,1,2026-01-23 20:35:00
1,84,5,1,1,2026-03-09 19:47:00
6,20,3,0,1,2026-03-26 07:50:00
47,27,4,1,1,2026-05-31 07:03:00
22,59,3,0,1,2026-04-07 20:49:00
18,4,3,1,1,2026-01-24 06:58:00
11,56,5,1,1,2026-03-18 19:19:00
19,4,5,1,1,2026-05-19 08:11:00
13,85,4,1,1,2026-05-16 22:17:00
10,81,4,1,1,2026-01-31 19:06:00
45,81,3,0,1,2026-04-17 18:55:00
45,22,5,1,1,2026-05-23 09:02:00
40,27,3,1,1,2026-01-25 09:22:00
11,85,4,1,1,2026-03-11 17:44:00
44,19,2,0,1,2026-02-28 06:35:00
47,98,3,1,1,2026-05-15 22:30:00
43,21,2,0,1,2026-01-12 06:32:00
38,102,4,1,1,2026-05-18 16:43:00
4,25,4,1,1,2026-02-20 09:07:00
14,31,3,1,1,2026-03-06 12:46:00
24,48,5,1,1,2026-05-21 13:04:00
41,41,3,1,1,2026-02-14 13:51:00
12,73,4,1,1,2026-04-23 19:34:00
36,56,3,0,1,2026-04-04 20:13:00
7,30,2,0,1,2026-03-25 12:51:00
49,88,3,0,1,2026-04-11 22:02:00
18,99,4,1,1,2026-04-21 22:25:00
12,24,3,0,1,2026-02-15 09:33:00
27,1,4,1,1,2026-02-20 07:49:00
13,44,3,1,1,2026-01-26 14:48:00
14,85,5,1,1,2026-01-20 15:10:00
15,52,3,0,1,2026-03-29 11:43:00
36,88,3,1,1,2026-03-25 10:43:00
34,18,4,1,1,2026-01-21 06:15:00
21,103,3,1,1,2026-03-26 15:16:00
1,1,5,1,1,2026-05-20 06:53:00
2,18,5,1,1,2026-01-19 09:26:00
14,3,5,1,1,2026-03-26 09:48:00
15,1,2,0,1,2026-02-16 08:44:00
27,26,3,1,1,2026-04-19 07:26:00
15,78,3,1,1,2026-04-01 21:39:00
14,103,5,1,1,2026-01-27 11:05:00
27,45,5,1,1,2026-02-02 11:33:00
16,89,4,1,1,2026-04-14 17:47:00
36,59,3,1,1,2026-02-26 20:38:00
37,59,4,1,1,2026-01-11 20:23:00
16,102,5,1,1,2026-04-05 16:31:00
30,29,3,0,1,2026-01-05 14:37:00
40,24,3,0,1,2026-03-18 08:27:00
31,53,2,0,1,2026-04-08 13:25:00
26,89,5,1,1,2026-01-10 22:24:00
11,88,3,0,1,2026-01-28 17:47:00
12,87,2,0,1,2026-05-01 10:18:00
48,47,4,1,1,2026-03-29 11:20:00
50,85,2,0,1,2026-03-21 11:47:00
9,5,5,1,1,2026-01-10 08:12:00
26,20,5,1,1,2026-04-01 09:25:00
34,102,5,1,1,2026-05-29 11:36:00
39,68,3,0,1,2026-01-18 21:43:00
9,77,4,1,1,2026-05-12 21:52:00
23,77,4,1,1,2026-05-30 21:43:00
32,99,5,1,1,2026-02-01 22:55:00
26,30,2,0,1,2026-01-24 13:46:00
12,86,3,0,1,2026-01-01 10:19:00
46,101,5,1,1,2026-04-21 10:37:00
28,41,3,1,1,2026-04-12 12:10:00
30,59,2,0,1,2026-03-14 19:50:00
17,26,5,1,1,2026-01-31 06:45:00
47,71,5,1,1,2026-01-17 19:32:00
18,3,4,1,1,2026-01-16 09:42:00
38,43,3,1,1,2026-05-02 11:23:00
6,49,4,1,1,2026-05-24 13:42:00
24,71,4,1,1,2026-02-22 21:41:00
47,26,3,0,1,2026-02-06 08:28:00
5,100,4,1,1,2026-02-07 16:12:00
35,48,4,1,1,2026-03-24 13:10:00
12,5,3,0,1,2026-01-29 06:51:00
14,82,4,1,1,2026-03-19 20:31:00
13,17,5,1,1,2026-01-14 08:24:00
22,30,2,0,1,2026-05-14 13:39:00
39,99,2,0,1,2026-05-14 11:31:00
44,18,3,1,1,2026-02-24 06:32:00
42,16,5,1,1,2026-02-24 06:33:00
25,57,3,0,1,2026-01-05 18:52:00
49,78,2,0,1,2026-05-17 19:28:00
35,74,4,1,1,2026-01-28 20:31:00
3,50,5,1,1,2026-04-28 12:27:00
5,51,3,0,1,2026-03-03 14:14:00
8,19,5,1,1,2026-03-02 08:07:00
26,52,4,1,1,2026-04-13 13:51:00
36,101,3,0,1,2026-02-04 10:50:00
2,74,4,1,1,2026-05-19 18:08:00
14,28,3,1,1,2026-04-10 11:46:00
41,86,3,0,1,2026-05-13 22:49:00
44,3,3,1,1,2026-05-27 07:45:00
33,102,2,0,1,2026-05-13 22:08:00
34,82,3,1,1,2026-05-17 18:30:00
45,27,5,1,1,2026-04-25 06:54:00
26,75,3,0,1,2026-02-09 21:41:00
1,80,5,1,1,2026-05-23 21:09:00
33,80,2,0,1,2026-01-28 21:03:00
8,55,3,0,1,2026-03-06 11:41:00
40,100,4,1,1,2026-01-12 11:53:00
46,23,3,0,1,2026-01-04 06:37:00
8,84,4,1,1,2026-04-17 18:25:00
4,78,3,0,1,2026-03-12 18:03:00
10,45,3,1,1,2026-04-14 13:02:00
16,53,4,1,1,2026-02-06 11:33:00
23,50,5,1,1,2026-04-28 12:31:00
32,87,4,1,1,2026-01-30 22:21:00
46,103,4,1,1,2026-04-11 11:21:00
19,73,4,1,1,2026-02-21 19:21:00
24,100,2,0,1,2026-04-02 17:06:00
16,31,4,1,1,2026-01-16 13:55:00
13,101,5,1,1,2026-01-31 22:48:00
33,3,3,0,1,2026-02-06 08:58:00
5,3,3,1,1,2026-02-09 06:30:00
42,55,5,1,1,2026-04-21 12:16:00
40,68,4,1,1,2026-04-24 21:02:00
33,4,2,0,1,2026-05-02 06:22:00
21,3,3,0,1,2026-02-08 07:57:00
10,23,4,1,1,2026-03-22 08:46:00
3,104,4,1,1,2026-01-11 10:15:00
11,101,2,0,1,2026-05-30 16:10:00
18,55,4,1,1,2026-01-05 14:50:00
33,58,3,0,1,2026-04-28 21:45:00
39,102,4,1,1,2026-01-16 16:07:00
50,52,4,1,1,2026-03-04 14:11:00
31,26,4,1,1,2026-04-20 09:49:00
48,28,4,1,1,2026-04-11 11:34:00
38,54,3,1,1,2026-03-31 13:28:00
18,42,3,0,1,2026-05-18 13:49:00
30,45,3,1,1,2026-04-26 14:01:00
42,50,3,0,1,2026-03-31 11:13:00
46,75,2,0,1,2026-01-15 18:18:00
5,98,3,1,1,2026-04-09 22:50:00
34,103,5,1,1,2026-04-14 16:27:00
41,19,3,1,1,2026-02-03 09:54:00
7,41,4,1,1,2026-04-22 11:29:00
1,5,5,1,1,2026-03-09 09:16:00
21,4,2,0,1,2026-05-04 06:21:00
20,24,3,1,1,2026-01-06 08:52:00
50,84,3,1,1,2026-03-04 19:34:00
12,2,2,0,1,2026-01-09 09:38:00
34,31,5,1,1,2026-04-19 14:24:00
17,69,3,0,1,2026-05-18 20:25:00
21,50,3,1,1,2026-04-10 11:37:00
16,78,3,0,1,2026-02-01 19:28:00
26,82,3,0,1,2026-02-07 21:59:00
2,19,3,0,1,2026-03-18 08:42:00
24,55,3,0,1,2026-01-23 11:03:00
41,99,3,0,1,2026-05-06 17:23:00
17,51,4,1,1,2026-01-03 12:31:00
47,42,3,1,1,2026-03-23 14:40:00
16,52,2,0,1,2026-01-12 11:40:00
49,103,3,0,1,2026-03-06 11:32:00
49,21,2,0,1,2026-02-25 09:26:00
34,17,5,1,1,2026-05-29 06:48:00
19,21,5,1,1,2026-04-04 06:23:00
24,80,4,1,1,2026-05-17 18:40:00
29,87,5,1,1,2026-04-09 11:12:00
5,4,4,1,1,2026-02-10 06:28:00
49,24,3,1,1,2026-03-29 09:54:00
16,49,3,1,1,2026-04-20 13:50:00
27,43,5,1,1,2026-05-27 14:54:00
5,17,4,1,1,2026-05-11 07:55:00
43,87,3,1,1,2026-02-07 16:27:00
3,72,4,1,1,2026-03-04 18:44:00
10,98,4,1,1,2026-03-16 16:55:00
33,59,3,0,1,2026-04-24 18:51:00
24,83,3,1,1,2026-01-26 19:46:00
47,43,4,1,1,2026-04-19 14:36:00
18,1,3,0,1,2026-02-25 08:09:00
39,5,3,0,1,2026-01-24 07:54:00
21,27,4,1,1,2026-02-16 08:41:00
41,80,3,1,1,2026-04-16 20:45:00
20,2,2,0,1,2026-02-18 09:13:00
32,53,4,1,1,2026-01-03 12:44:00
23,23,4,1,1,2026-01-30 06:48:00
24,81,3,1,1,2026-05-23 18:36:00
25,50,5,1,1,2026-05-04 13:02:00
29,21,5,1,1,2026-01-05 08:49:00
22,48,4,1,1,2026-02-27 12:13:00
48,41,3,1,1,2026-03-01 14:46:00
46,16,3,0,1,2026-05-14 08:12:00
43,50,2,0,1,2026-04-17 13:20:00
30,55,2,0,1,2026-03-23 12:20:00
5,69,4,1,1,2026-05-01 19:29:00
16,16,2,0,1,2026-05-26 08:34:00
4,28,5,1,1,2026-02-17 12:13:00
12,103,3,0,1,2026-04-12 15:52:00
14,102,5,1,1,2026-02-24 22:56:00
36,99,3,0,1,2026-01-17 11:27:00
25,89,5,1,1,2026-05-13 16:22:00
3,19,5,1,1,2026-02-16 06:16:00
5,46,4,1,1,2026-03-30 13:35:00
44,28,4,1,1,2026-03-17 14:25:00
6,53,3,0,1,2026-05-19 13:51:00
39,19,3,0,1,2026-05-24 06:26:00
12,56,4,1,1,2026-05-01 19:48:00
6,30,4,1,1,2026-04-05 14:37:00
43,82,3,1,1,2026-05-02 18:31:00
9,82,4,1,1,2026-03-05 18:01:00
29,5,5,1,1,2026-03-07 06:23:00
40,21,3,0,1,2026-05-29 06:37:00
39,86,2,0,1,2026-05-04 16:02:00
15,19,4,1,1,2026-04-18 06:50:00
17,44,4,1,1,2026-04-17 14:44:00
26,103,5,1,1,2026-05-24 17:30:00
26,58,5,1,1,2026-05-11 19:39:00
24,54,5,1,1,2026-02-04 14:50:00
14,30,4,1,1,2026-03-03 14:43:00
44,49,3,1,1,2026-05-15 14:37:00
28,29,4,1,1,2026-01-03 11:33:00
3,102,5,1,1,2026-03-10 15:54:00
45,74,4,1,1,2026-04-15 21:14:00
34,20,4,1,1,2026-03-19 08:03:00
28,16,5,1,1,2026-02-28 06:28:00
27,99,4,1,1,2026-03-13 16:14:00
41,89,3,1,1,2026-01-24 11:19:00
23,27,5,1,1,2026-03-29 08:28:00
27,17,3,0,1,2026-05-13 08:50:00
28,73,3,0,1,2026-01-15 20:49:00
42,21,2,0,1,2026-03-24 07:01:00
41,4,2,0,1,2026-01-14 07:40:00
42,57,2,0,1,2026-05-07 18:28:00
34,89,5,1,1,2026-04-22 11:05:00
45,51,4,1,1,2026-03-25 11:51:00
29,58,5,1,1,2026-03-28 18:03:00
13,87,5,1,1,2026-02-13 11:46:00
50,58,4,1,1,2026-04-25 19:17:00
32,3,5,1,1,2026-01-10 07:54:00
48,102,4,1,1,2026-02-21 15:12:00
26,55,4,1,1,2026-03-06 13:54:00
41,102,2,0,1,2026-03-03 15:35:00
34,75,3,1,1,2026-05-27 20:26:00
19,22,5,1,1,2026-03-31 09:06:00
11,5,3,0,1,2026-02-14 09:56:00
45,78,3,0,1,2026-05-31 21:03:00
17,68,4,1,1,2026-01-20 21:29:00
19,31,3,0,1,2026-03-29 12:56:00
47,30,3,0,1,2026-03-28 12:19:00
1,54,4,1,1,2026-01-26 11:34:00
8,57,3,0,1,2026-03-28 19:38:00
6,73,4,1,1,2026-05-18 19:24:00
24,69,3,1,1,2026-05-18 18:19:00
7,19,5,1,1,2026-01-29 08:43:00
10,100,5,1,1,2026-05-02 17:29:00
32,30,4,1,1,2026-03-01 13:12:00
33,21,3,1,1,2026-02-13 08:49:00
2,22,3,0,1,2026-02-07 06:57:00
20,3,4,1,1,2026-05-31 06:59:00
40,5,3,1,1,2026-05-26 09:17:00
18,20,3,0,1,2026-04-14 09:35:00
12,41,2,0,1,2026-05-19 12:41:00
21,73,3,0,1,2026-05-27 19:54:00
8,52,3,1,1,2026-05-09 14:10:00
16,99,5,1,1,2026-03-20 22:44:00
45,77,4,1,1,2026-01-23 19:19:00
28,2,3,0,1,2026-05-19 07:37:00
11,53,3,1,1,2026-03-15 11:36:00
24,78,3,0,1,2026-03-26 20:23:00
47,29,3,1,1,2026-03-02 14:13:00
34,52,3,1,1,2026-04-16 13:02:00
19,76,3,0,1,2026-01-23 20:28:00
1,82,4,1,1,2026-03-09 21:18:00
49,53,2,0,1,2026-04-10 13:28:00
32,50,4,1,1,2026-01-28 11:30:00
24,24,2,0,1,2026-03-19 09:50:00
36,30,3,0,1,2026-02-22 12:40:00
19,87,5,1,1,2026-04-02 11:42:00
38,22,5,1,1,2026-04-17 09:18:00
8,58,5,1,1,2026-04-26 20:59:00
35,57,4,1,1,2026-02-03 21:42:00
44,75,5,1,1,2026-04-01 18:03:00
5,45,4,1,1,2026-05-07 11:08:00
40,50,3,0,1,2026-02-08 12:01:00
37,102,4,1,1,2026-04-05 22:44:00
47,19,3,1,1,2026-01-12 06:12:00
30,100,3,1,1,2026-05-30 11:14:00
23,2,5,1,1,2026-05-07 07:52:00
24,82,4,1,1,2026-01-19 20:42:00
7,44,2,0,1,2026-05-08 14:11:00
46,89,4,1,1,2026-05-18 10:57:00
30,44,5,1,1,2026-03-30 11:49:00
46,21,5,1,1,2026-01-29 08:36:00
42,17,4,1,1,2026-02-03 07:55:00
9,59,3,1,1,2026-05-13 20:51:00
34,84,5,1,1,2026-05-23 18:52:00
9,101,5,1,1,2026-04-04 17:51:00
8,86,5,1,1,2026-04-04 22:46:00
25,86,5,1,1,2026-01-30 16:43:00
30,58,3,0,1,2026-05-28 21:05:00
22,71,5,1,1,2026-04-20 18:06:00
14,53,5,1,1,2026-05-02 13:02:00
41,57,2,0,1,2026-05-17 19:54:00
1,41,4,1,1,2026-05-26 12:37:00
29,53,4,1,1,2026-05-19 14:12:00
17,56,5,1,1,2026-03-11 18:36:00
46,82,3,1,1,2026-04-02 19:05:00
35,41,4,1,1,2026-02-08 11:59:00
46,49,4,1,1,2026-04-02 14:11:00
41,101,3,1,1,2026-02-07 15:30:00
6,58,3,0,1,2026-01-13 20:15:00
6,28,4,1,1,2026-01-18 11:53:00
43,2,3,0,1,2026-02-21 08:36:00
50,45,5,1,1,2026-03-05 13:18:00
25,3,5,1,1,2026-04-18 07:38:00
39,52,3,1,1,2026-02-13 11:46:00
16,28,2,0,1,2026-02-05 11:37:00
24,73,3,1,1,2026-01-02 20:29:00
15,85,3,1,1,2026-04-20 16:00:00
40,16,4,1,1,2026-03-28 09:32:00
37,30,4,1,1,2026-03-03 11:41:00
39,20,3,1,1,2026-03-21 09:14:00
35,71,4,1,1,2026-04-04 20:05:00
16,30,3,0,1,2026-04-11 14:09:00
20,30,3,0,1,2026-04-13 11:25:00
34,53,4,1,1,2026-02-08 14:34:00
12,19,4,1,1,2026-02-08 07:20:00
41,85,3,0,1,2026-02-27 22:13:00
21,99,3,0,1,2026-03-14 10:24:00
25,28,3,0,1,2026-04-07 14:23:00
39,31,4,1,1,2026-01-12 11:19:00
2,101,3,1,1,2026-04-14 22:18:00
26,16,3,1,1,2026-03-22 08:13:00
41,59,4,1,1,2026-03-10 20:47:00
39,24,4,1,1,2026-03-03 06:06:00
25,2,4,1,1,2026-02-28 09:24:00
48,69,3,1,1,2026-05-13 18:10:00
49,30,3,1,1,2026-04-29 11:05:00
1,49,2,0,1,2026-05-22 12:17:00
15,82,3,1,1,2026-01-18 20:02:00
15,2,3,1,1,2026-05-06 09:45:00
35,82,3,1,1,2026-05-21 18:43:00
14,98,5,1,1,2026-04-18 15:30:00
38,53,4,1,1,2026-04-06 14:34:00
38,3,5,1,1,2026-04-29 07:01:00
39,3,3,1,1,2026-05-08 08:48:00
21,78,3,1,1,2026-01-14 18:30:00
48,46,4,1,1,2026-04-01 13:14:00
13,53,5,1,1,2026-05-04 14:01:00
32,82,4,1,1,2026-03-24 20:57:00
10,30,2,0,1,2026-04-21 12:56:00
16,5,5,1,1,2026-02-24 07:58:00
23,98,5,1,1,2026-05-10 16:54:00
24,57,2,0,1,2026-05-02 19:34:00
40,25,3,1,1,2026-04-29 09:35:00
28,85,3,1,1,2026-03-15 16:34:00
35,53,3,0,1,2026-01-09 11:04:00
40,1,4,1,1,2026-01-26 09:06:00
28,53,4,1,1,2026-04-27 14:33:00
39,89,2,0,1,2026-03-22 10:29:00
31,81,4,1,1,2026-05-20 19:25:00
21,88,3,1,1,2026-02-06 15:55:00
16,98,5,1,1,2026-03-10 22:26:00
45,54,4,1,1,2026-04-15 11:30:00
26,85,5,1,1,2026-02-28 15:26:00
26,19,5,1,1,2026-05-14 08:45:00
21,16,4,1,1,2026-05-06 06:08:00
9,87,5,1,1,2026-03-31 16:02:00
35,3,4,1,1,2026-03-06 09:01:00
18,98,2,0,1,2026-04-29 10:10:00
33,99,3,0,1,2026-05-17 10:59:00
3,41,4,1,1,2026-05-01 11:47:00
4,16,4,1,1,2026-03-22 06:47:00
13,88,5,1,1,2026-03-01 10:45:00
35,18,3,1,1,2026-02-19 06:01:00
6,19,3,0,1,2026-04-26 07:39:00
33,5,4,1,1,2026-01-30 06:19:00
19,100,5,1,1,2026-05-28 22:48:00
35,43,3,1,1,2026-01-16 14:24:00
2,79,5,1,1,2026-02-18 20:02:00
25,29,4,1,1,2026-01-10 11:05:00
18,5,3,1,1,2026-03-25 08:28:00
24,70,5,1,1,2026-04-06 21:31:00
26,50,5,1,1,2026-04-19 13:39:00
24,46,3,0,1,2026-02-24 14:53:00
32,80,5,1,1,2026-02-23 19:39:00
3,76,4,1,1,2026-04-20 20:04:00
11,102,3,0,1,2026-01-03 15:36:00
17,104,5,1,1,2026-04-03 10:31:00
33,57,3,1,1,2026-01-30 18:39:00
8,101,5,1,1,2026-05-01 16:39:00
19,25,4,1,1,2026-03-09 07:15:00
38,41,5,1,1,2026-01-09 13:22:00
47,59,3,0,1,2026-05-04 20:51:00
37,45,5,1,1,2026-03-27 14:37:00
16,2,5,1,1,2026-03-16 08:54:00
17,31,4,1,1,2026-04-09 12:11:00
50,3,3,1,1,2026-03-17 07:09:00
22,3,4,1,1,2026-02-21 08:53:00
33,2,4,1,1,2026-02-12 09:11:00
26,80,5,1,1,2026-04-22 18:04:00
28,57,2,0,1,2026-02-16 19:18:00
11,19,3,1,1,2026-02-22 09:32:00
36,55,2,0,1,2026-04-03 12:29:00
4,18,4,1,1,2026-05-01 09:58:00
45,21,5,1,1,2026-01-07 08:35:00
16,57,3,0,1,2026-02-27 21:00:00
20,103,3,1,1,2026-04-16 15:24:00
27,42,4,1,1,2026-01-26 13:51:00
20,27,4,1,1,2026-04-16 07:35:00
3,59,3,0,1,2026-04-01 20:21:00
4,31,2,0,1,2026-05-23 14:38:00
25,42,3,1,1,2026-03-01 11:16:00
10,101,5,1,1,2026-04-13 11:48:00
31,58,3,1,1,2026-02-08 19:06:00
15,41,3,0,1,2026-01-28 12:42:00
32,27,5,1,1,2026-05-25 09:33:00
48,31,3,0,1,2026-03-26 14:24:00
40,53,2,0,1,2026-04-09 14:20:00
4,100,3,1,1,2026-05-31 17:38:00
18,16,3,1,1,2026-03-20 09:16:00
35,101,3,1,1,2026-03-17 16:42:00
14,86,5,1,1,2026-04-24 15:48:00
32,31,4,1,1,2026-03-08 13:59:00
6,52,3,0,1,2026-02-09 14:14:00
10,82,4,1,1,2026-01-21 20:12:00
34,28,4,1,1,2026-04-11 13:45:00
44,78,2,0,1,2026-02-07 21:53:00
27,81,4,1,1,2026-05-01 20:23:00
35,73,4,1,1,2026-01-28 21:45:00
28,84,3,1,1,2026-04-08 18:07:00
6,45,4,1,1,2026-01-16 14:17:00
2,69,4,1,1,2026-02-14 20:25:00
10,57,3,0,1,2026-03-19 19:10:00
37,16,4,1,1,2026-02-05 09:11:00
12,25,3,0,1,2026-02-05 08:14:00
30,84,4,1,1,2026-02-26 19:03:00
48,51,2,0,1,2026-05-26 11:59:00
26,77,4,1,1,2026-02-27 19:29:00
46,87,5,1,1,2026-03-06 11:06:00
46,27,4,1,1,2026-04-25 06:05:00
27,51,3,1,1,2026-05-24 13:22:00
9,100,5,1,1,2026-01-08 11:54:00
42,49,2,0,1,2026-04-28 14:29:00
44,21,2,0,1,2026-03-04 09:21:00
13,68,3,1,1,2026-03-19 18:13:00
34,30,3,0,1,2026-02-06 13:29:00
2,17,3,1,1,2026-04-24 09:53:00
45,2,5,1,1,2026-02-02 08:36:00
25,16,3,0,1,2026-02-26 09:38:00
40,59,5,1,1,2026-04-22 18:33:00
7,22,5,1,1,2026-03-19 07:49:00
41,53,3,0,1,2026-01-01 14:12:00
19,18,4,1,1,2026-02-26 06:33:00
30,70,5,1,1,2026-05-26 19:46:00
9,80,4,1,1,2026-03-02 20:23:00
16,68,3,1,1,2026-04-20 19:39:00
34,24,5,1,1,2026-04-17 07:18:00
31,16,4,1,1,2026-03-10 07:38:00
44,1,2,0,1,2026-04-06 08:40:00
25,102,5,1,1,2026-04-03 17:45:00
44,89,2,0,1,2026-02-22 15:10:00
6,101,4,1,1,2026-05-16 15:29:00
18,82,3,0,1,2026-01-06 18:12:00
30,43,5,1,1,2026-05-11 12:06:00
30,56,4,1,1,2026-04-21 20:43:00
5,29,4,1,1,2026-01-12 13:47:00
43,57,3,1,1,2026-01-21 21:19:00
8,68,3,0,1,2026-03-27 19:08:00
1,81,2,0,1,2026-05-01 19:12:00
12,30,3,1,1,2026-02-03 14:29:00
39,21,3,0,1,2026-05-03 08:19:00
4,23,3,0,1,2026-03-01 08:50:00
7,43,3,1,1,2026-03-16 11:25:00
34,16,3,0,1,2026-05-19 08:39:00
19,88,5,1,1,2026-01-01 15:58:00
18,80,4,1,1,2026-05-09 20:24:00
17,82,4,1,1,2026-03-05 21:58:00
25,21,5,1,1,2026-05-13 08:24:00
37,21,2,0,1,2026-05-23 06:44:00
42,89,3,1,1,2026-02-13 17:31:00
32,41,5,1,1,2026-05-08 14:34:00
15,28,4,1,1,2026-01-25 14:46:00
40,49,3,0,1,2026-03-07 12:25:00
26,100,4,1,1,2026-02-10 10:17:00
4,68,4,1,1,2026-04-03 19:19:00
24,29,3,1,1,2026-01-30 14:16:00
49,41,4,1,1,2026-03-30 13:25:00
30,72,4,1,1,2026-01-18 21:42:00
45,50,5,1,1,2026-02-13 11:39:00
45,52,4,1,1,2026-05-19 11:36:00
26,42,2,0,1,2026-03-08 11:24:00
24,1,3,1,1,2026-04-15 09:28:00
46,45,3,0,1,2026-03-29 11:52:00
26,102,5,1,1,2026-05-31 10:30:00
21,23,3,1,1,2026-05-14 09:37:00
8,31,5,1,1,2026-04-23 14:49:00
25,5,5,1,1,2026-02-24 07:11:00
30,102,3,1,1,2026-05-28 17:05:00
27,59,4,1,1,2026-05-27 19:36:00
8,59,4,1,1,2026-04-28 18:07:00
31,88,4,1,1,2026-05-01 22:41:00
31,42,4,1,1,2026-01-14 12:29:00
15,80,2,0,1,2026-05-18 19:23:00
32,28,2,0,1,2026-01-13 11:26:00
5,16,4,1,1,2026-05-17 09:20:00
47,101,3,0,1,2026-04-19 15:12:00
29,85,5,1,1,2026-01-20 11:33:00
27,53,4,1,1,2026-04-28 13:44:00
23,55,3,1,1,2026-03-13 11:32:00
3,44,2,0,1,2026-05-29 11:59:00
14,5,5,1,1,2026-03-19 06:25:00
8,85,5,1,1,2026-05-18 10:40:00
38,99,5,1,1,2026-02-01 22:42:00
31,75,4,1,1,2026-01-24 18:11:00
29,55,3,0,1,2026-05-05 14:35:00
50,53,4,1,1,2026-05-04 11:21:00
22,57,3,0,1,2026-01-03 20:26:00
31,55,3,0,1,2026-02-19 12:02:00
13,46,3,0,1,2026-02-22 14:58:00
10,49,3,1,1,2026-05-08 11:05:00
24,99,4,1,1,2026-03-17 22:09:00
20,82,3,1,1,2026-03-12 21:58:00
36,21,4,1,1,2026-01-10 07:45:00
7,101,5,1,1,2026-03-02 10:09:00
45,100,4,1,1,2026-04-29 17:18:00
43,59,3,0,1,2026-02-11 20:46:00
47,22,3,1,1,2026-01-03 06:22:00
29,103,5,1,1,2026-01-21 16:51:00
10,77,4,1,1,2026-05-30 20:03:00
5,74,3,1,1,2026-02-12 20:57:00
4,98,2,0,1,2026-01-11 16:47:00
31,30,4,1,1,2026-05-27 11:33:00
23,58,5,1,1,2026-03-15 21:51:00
39,49,4,1,1,2026-01-20 11:52:00
4,2,4,1,1,2026-01-14 07:09:00
4,4,3,0,1,2026-05-30 09:40:00
12,29,4,1,1,2026-02-10 14:43:00
24,25,3,1,1,2026-01-23 08:48:00
25,45,4,1,1,2026-05-29 14:49:00
45,88,5,1,1,2026-04-26 22:28:00
26,68,4,1,1,2026-03-10 19:47:00
33,56,4,1,1,2026-03-21 21:30:00
15,68,4,1,1,2026-05-14 21:22:00
12,58,3,1,1,2026-01-24 21:51:00
46,3,5,1,1,2026-02-23 06:12:00
23,5,4,1,1,2026-05-16 06:35:00
37,18,3,1,1,2026-02-15 08:04:00
45,101,5,1,1,2026-03-24 16:37:00
50,50,3,0,1,2026-01-21 11:08:00
36,41,3,0,1,2026-02-19 11:33:00
21,29,3,0,1,2026-04-01 12:47:00
20,85,2,0,1,2026-05-25 10:50:00
34,25,5,1,1,2026-02-27 07:27:00
15,59,5,1,1,2026-05-23 19:28:00
37,31,2,0,1,2026-02-18 14:05:00
41,29,4,1,1,2026-02-25 12:06:00
33,103,2,0,1,2026-01-23 15:29:00
4,30,4,1,1,2026-04-26 14:18:00
8,45,3,1,1,2026-05-22 11:45:00
42,31,3,1,1,2026-03-19 14:42:00
31,2,3,0,1,2026-01-17 07:59:00
45,82,4,1,1,2026-01-18 18:26:00
27,101,3,0,1,2026-03-28 16:40:00
31,41,3,1,1,2026-04-27 11:56:00
39,1,3,1,1,2026-02-21 09:07:00
48,48,4,1,1,2026-04-20 14:13:00
1,104,5,1,1,2026-04-04 10:57:00
46,17,5,1,1,2026-02-20 07:21:00
48,52,4,1,1,2026-05-12 12:55:00
22,87,4,1,1,2026-02-21 15:45:00
39,57,2,0,1,2026-01-31 19:25:00
29,41,5,1,1,2026-04-17 11:49:00
5,88,2,0,1,2026-03-03 22:10:00
2,44,4,1,1,2026-01-30 14:57:00
8,102,5,1,1,2026-04-01 11:36:00
6,16,4,1,1,2026-03-02 08:01:00
4,103,4,1,1,2026-03-19 10:15:00
36,102,4,1,1,2026-05-05 10:56:00
50,68,3,0,1,2026-02-26 21:33:00
25,103,5,1,1,2026-01-11 17:09:00
38,27,4,1,1,2026-04-03 09:36:00
38,21,4,1,1,2026-05-12 09:12:00
1,23,4,1,1,2026-01-15 06:37:00
13,22,5,1,1,2026-02-22 08:20:00
22,53,2,0,1,2026-01-29 14:09:00
10,29,3,0,1,2026-05-11 14:32:00
47,73,3,1,1,2026-03-26 20:39:00
5,79,4,1,1,2026-04-28 20:42:00
13,25,5,1,1,2026-05-26 07:31:00
34,77,4,1,1,2026-01-16 20:57:00
35,80,3,0,1,2026-03-08 20:11:00
46,73,4,1,1,2026-03-19 19:14:00
6,99,3,1,1,2026-03-31 10:11:00
41,3,3,0,1,2026-03-12 09:26:00
11,86,4,1,1,2026-03-29 17:22:00
25,84,5,1,1,2026-01-27 20:53:00
21,82,3,0,1,2026-03-24 19:01:00
48,57,3,0,1,2026-03-12 19:06:00
50,49,3,1,1,2026-04-23 14:32:00
40,101,3,1,1,2026-04-21 22:34:00
27,16,5,1,1,2026-01-13 09:06:00
13,27,5,1,1,2026-02-15 06:58:00
15,31,3,1,1,2026-03-29 14:50:00
32,89,5,1,1,2026-05-07 11:56:00
36,50,3,1,1,2026-02-28 11:20:00
39,101,4,1,1,2026-04-15 15:54:00
7,104,5,1,1,2026-02-18 15:38:00
24,27,3,1,1,2026-03-22 06:24:00
41,73,4,1,1,2026-03-09 19:03:00
31,45,3,1,1,2026-05-13 11:12:00
12,99,3,0,1,2026-05-15 16:33:00
42,24,3,1,1,2026-02-03 06:20:00
46,98,5,1,1,2026-03-01 17:50:00
6,24,3,1,1,2026-04-26 07:26:00
38,81,4,1,1,2026-04-29 19:12:00
21,86,4,1,1,2026-02-18 15:46:00
24,26,5,1,1,2026-02-10 09:34:00
46,68,2,0,1,2026-02-02 18:58:00
21,2,3,1,1,2026-04-28 08:13:00
36,2,2,0,1,2026-03-12 07:48:00
6,85,3,0,1,2026-04-20 17:49:00
32,19,5,1,1,2026-05-27 07:29:00
35,77,3,1,1,2026-05-28 18:32:00
19,57,3,1,1,2026-01-06 20:16:00
26,53,4,1,1,2026-03-05 13:05:00
1,100,5,1,1,2026-02-22 22:45:00
38,83,5,1,1,2026-04-12 19:45:00
31,21,3,1,1,2026-04-12 08:49:00
28,68,4,1,1,2026-02-02 21:46:00
27,50,3,1,1,2026-05-19 11:32:00
3,47,3,0,1,2026-01-22 14:08:00
42,52,3,1,1,2026-03-24 11:47:00
18,50,2,0,1,2026-03-05 13:25:00
13,100,5,1,1,2026-01-12 17:55:00
36,82,3,1,1,2026-03-27 21:02:00
1,17,5,1,1,2026-05-19 06:47:00
13,76,4,1,1,2026-05-24 19:30:00
16,27,5,1,1,2026-01-25 07:48:00
43,28,2,0,1,2026-01-30 12:57:00
28,52,4,1,1,2026-01-02 13:12:00
44,41,4,1,1,2026-05-28 11:40:00
17,18,3,0,1,2026-04-06 07:47:00
7,16,4,1,1,2026-02-19 08:22:00
15,86,2,0,1,2026-01-30 22:09:00
20,4,3,0,1,2026-02-07 08:20:00
7,49,4,1,1,2026-04-01 11:25:00
50,82,4,1,1,2026-01-21 21:46:00
33,28,3,0,1,2026-04-06 14:53:00
34,42,3,0,1,2026-02-22 13:19:00
29,89,5,1,1,2026-04-02 22:08:00
39,84,2,0,1,2026-02-24 21:23:00
4,55,4,1,1,2026-01-26 12:18:00
21,58,2,0,1,2026-04-14 20:43:00
30,54,5,1,1,2026-05-28 11:38:00
8,4,5,1,1,2026-02-01 08:05:00
22,27,4,1,1,2026-01-13 06:42:00
5,55,4,1,1,2026-01-26 14:00:00
10,53,5,1,1,2026-03-15 11:24:00
37,68,4,1,1,2026-03-11 19:50:00
30,83,4,1,1,2026-02-13 20:39:00
10,2,5,1,1,2026-03-05 07:06:00
26,17,5,1,1,2026-02-26 08:05:00
3,57,4,1,1,2026-04-12 19:04:00
40,31,3,0,1,2026-02-22 14:17:00
15,87,3,0,1,2026-04-19 16:04:00
33,85,2,0,1,2026-03-28 16:40:00
42,99,3,1,1,2026-04-03 16:18:00
25,80,5,1,1,2026-02-12 19:28:00
45,103,4,1,1,2026-05-06 10:21:00
11,21,3,1,1,2026-03-24 08:41:00
1,98,5,1,1,2026-05-22 22:27:00
36,29,3,0,1,2026-05-05 11:04:00
34,19,4,1,1,2026-01-28 09:20:00
31,49,4,1,1,2026-04-20 13:58:00
49,75,4,1,1,2026-02-24 21:14:00
44,58,3,1,1,2026-02-20 20:05:00
50,17,3,0,1,2026-04-24 06:04:00
8,56,4,1,1,2026-04-06 19:01:00
29,30,4,1,1,2026-03-05 12:35:00
49,55,3,1,1,2026-02-15 12:45:00
1,28,2,0,1,2026-02-04 13:07:00
29,57,3,0,1,2026-02-10 21:05:00
17,29,2,0,1,2026-03-21 11:32:00
35,46,4,1,1,2026-02-01 13:21:00
44,56,4,1,1,2026-05-02 19:28:00
10,52,3,1,1,2026-03-18 14:04:00
6,27,4,1,1,2026-01-01 08:54:00
14,99,5,1,1,2026-04-08 11:08:00
5,31,3,0,1,2026-01-18 12:40:00
5,52,5,1,1,2026-04-16 12:10:00
6,59,4,1,1,2026-02-25 21:28:00
35,22,4,1,1,2026-02-01 06:05:00
24,4,2,0,1,2026-03-17 07:20:00
32,102,5,1,1,2026-05-02 16:26:00
43,41,5,1,1,2026-04-27 14:39:00
18,24,4,1,1,2026-01-13 08:16:00
14,55,3,0,1,2026-02-23 12:48:00
30,87,3,0,1,2026-05-24 17:47:00
43,27,2,0,1,2026-05-16 06:27:00
16,86,4,1,1,2026-01-01 11:30:00
17,4,5,1,1,2026-01-17 08:44:00
40,18,5,1,1,2026-04-07 08:49:00
27,20,3,1,1,2026-04-08 07:09:00
21,85,3,0,1,2026-05-08 15:16:00
25,99,5,1,1,2026-04-27 17:37:00
46,19,4,1,1,2026-05-27 06:47:00
39,98,3,0,1,2026-02-25 11:32:00
24,50,4,1,1,2026-01-14 14:41:00
15,53,3,0,1,2026-03-17 14:58:00
22,5,2,0,1,2026-05-11 06:18:00
4,59,4,1,1,2026-01-27 18:36:00
16,77,4,1,1,2026-04-26 18:40:00
40,30,4,1,1,2026-05-06 14:08:00
47,57,3,0,1,2026-04-05 20:42:00
49,27,3,0,1,2026-01-12 09:32:00
9,31,4,1,1,2026-05-08 14:58:00
30,21,2,0,1,2026-03-25 09:11:00
45,56,5,1,1,2026-01-16 20:29:00
49,2,3,0,1,2026-04-02 08:11:00
45,43,3,0,1,2026-01-14 12:15:00
27,56,3,1,1,2026-04-16 19:11:00
24,52,4,1,1,2026-04-14 11:22:00
33,50,3,0,1,2026-02-18 13:59:00
47,69,4,1,1,2026-02-18 19:34:00
20,5,3,1,1,2026-03-10 09:38:00
36,87,4,1,1,2026-04-07 11:01:00
23,82,4,1,1,2026-01-12 18:49:00
19,49,3,1,1,2026-01-16 11:09:00
42,102,2,0,1,2026-05-21 17:24:00
3,88,4,1,1,2026-05-07 15:11:00
49,99,3,1,1,2026-04-28 16:58:00
16,87,5,1,1,2026-03-29 22:48:00
32,21,5,1,1,2026-03-13 07:03:00
16,56,5,1,1,2026-03-05 20:41:00
21,75,4,1,1,2026-02-14 18:14:00
30,5,4,1,1,2026-03-11 06:29:00
6,78,4,1,1,2026-03-09 18:08:00
50,21,3,0,1,2026-02-02 06:11:00
18,84,4,1,1,2026-03-05 18:29:00
30,1,3,0,1,2026-05-18 07:13:00
10,46,4,1,1,2026-04-26 13:52:00
40,58,3,1,1,2026-05-02 19:32:00
6,102,2,0,1,2026-04-16 15:55:00
45,102,5,1,1,2026-03-17 16:01:00
13,55,2,0,1,2026-01-13 11:26:00
41,58,3,0,1,2026-05-26 18:00:00
6,80,3,1,1,2026-01-28 21:45:00
1,22,5,1,1,2026-01-03 08:59:00
37,80,3,0,1,2026-02-03 20:18:00
13,80,5,1,1,2026-03-15 18:32:00
9,98,5,1,1,2026-03-15 15:55:00
16,23,4,1,1,2026-03-19 07:55:00
20,87,3,0,1,2026-03-10 17:03:00
21,59,5,1,1,2026-04-22 21:25:00
41,30,4,1,1,2026-01-26 12:44:00
19,74,3,0,1,2026-01-20 18:21:00
5,22,3,1,1,2026-04-23 09:07:00
24,44,5,1,1,2026-01-22 11:10:00
43,53,4,1,1,2026-01-21 11:07:00
46,80,5,1,1,2026-01-17 18:01:00
31,57,3,1,1,2026-04-11 19:05:00
35,76,3,0,1,2026-01-01 21:44:00
16,18,3,0,1,2026-05-07 08:20:00
5,27,3,0,1,2026-01-24 09:06:00
48,5,3,1,1,2026-04-11 07:07:00
2,54,4,1,1,2026-03-27 11:52:00
23,52,3,1,1,2026-02-08 11:00:00
36,19,3,0,1,2026-05-26 06:17:00
46,57,3,0,1,2026-04-07 20:56:00
9,45,3,0,1,2026-02-09 14:23:00
24,74,5,1,1,2026-05-05 20:22:00
45,29,4,1,1,2026-05-31 11:15:00
30,79,3,1,1,2026-04-02 19:08:00
32,24,5,1,1,2026-05-21 08:49:00
22,29,3,1,1,2026-02-11 11:35:00
11,4,4,1,1,2026-01-28 08:18:00
16,103,4,1,1,2026-04-28 22:42:00
5,21,4,1,1,2026-03-10 06:18:00
12,55,4,1,1,2026-04-25 14:24:00
31,31,3,0,1,2026-03-23 12:46:00
43,58,3,0,1,2026-01-05 19:54:00
25,87,5,1,1,2026-02-15 17:36:00
48,42,4,1,1,2026-05-18 14:30:00
5,43,4,1,1,2026-04-08 13:36:00
26,45,2,0,1,2026-05-09 13:21:00
43,55,3,1,1,2026-03-30 14:14:00
10,103,4,1,1,2026-01-21 10:41:00
41,50,4,1,1,2026-02-28 11:29:00
15,20,3,0,1,2026-02-17 08:53:00
50,88,2,0,1,2026-03-27 10:38:00
32,56,4,1,1,2026-05-07 19:13:00
5,76,5,1,1,2026-03-26 18:55:00
25,85,5,1,1,2026-02-24 10:35:00
36,5,3,0,1,2026-04-27 07:53:00
16,4,5,1,1,2026-04-09 06:46:00
21,45,4,1,1,2026-05-09 11:55:00
34,3,5,1,1,2026-02-04 06:04:00
13,30,3,1,1,2026-03-08 13:32:00
32,98,5,1,1,2026-02-07 10:41:00
8,53,4,1,1,2026-03-11 14:57:00
13,89,5,1,1,2026-05-22 15:49:00
18,75,4,1,1,2026-04-11 18:37:00
8,27,5,1,1,2026-03-16 09:00:00
41,31,3,0,1,2026-04-23 13:56:00
3,46,3,1,1,2026-03-13 14:16:00
14,21,5,1,1,2026-04-21 09:35:00
3,83,5,1,1,2026-05-06 18:27:00
6,87,3,0,1,2026-02-02 15:39:00
38,31,3,0,1,2026-03-09 13:40:00
30,41,4,1,1,2026-01-06 13:58:00
40,82,3,1,1,2026-01-18 21:27:00
35,103,2,0,1,2026-01-18 10:26:00
21,28,4,1,1,2026-03-25 13:16:00
30,104,3,1,1,2026-04-04 15:12:00
18,86,3,0,1,2026-04-18 11:41:00
28,82,3,0,1,2026-05-20 21:11:00
41,87,3,1,1,2026-01-06 22:57:00
8,5,4,1,1,2026-03-03 09:40:00
37,101,4,1,1,2026-05-17 15:28:00
31,52,4,1,1,2026-02-21 12:19:00
46,52,3,0,1,2026-04-01 14:52:00
30,47,4,1,1,2026-03-09 11:25:00
3,42,4,1,1,2026-05-04 14:27:00
18,53,3,0,1,2026-03-16 13:54:00
15,98,3,1,1,2026-04-29 22:37:00
1,73,2,0,1,2026-02-12 21:00:00
48,59,4,1,1,2026-02-28 19:46:00
10,86,5,1,1,2026-05-10 16:15:00
31,83,4,1,1,2026-05-13 21:47:00
21,52,4,1,1,2026-05-03 14:00:00
36,58,3,1,1,2026-03-11 19:21:00
29,88,5,1,1,2026-01-15 17:17:00
46,84,4,1,1,2026-02-14 21:35:00
5,44,3,1,1,2026-02-26 12:39:00
3,30,3,1,1,2026-02-02 11:58:00
15,58,3,1,1,2026-04-10 21:37:00
32,1,4,1,1,2026-03-27 08:35:00
41,24,4,1,1,2026-03-25 09:44:00
48,22,3,0,1,2026-05-22 07:02:00
12,101,3,0,1,2026-04-28 15:09:00
33,101,3,1,1,2026-05-27 11:10:00
8,88,5,1,1,2026-02-09 11:11:00
3,4,5,1,1,2026-02-02 09:42:00
44,30,3,0,1,2026-01-08 13:15:00
18,57,3,1,1,2026-05-20 21:22:00
26,49,4,1,1,2026-01-14 12:24:00
32,4,5,1,1,2026-04-03 06:05:00
1,79,4,1,1,2026-01-11 18:26:00
11,103,2,0,1,2026-04-23 15:26:00
50,73,4,1,1,2026-03-07 21:29:00
37,86,3,1,1,2026-05-03 22:52:00
44,86,3,1,1,2026-04-15 16:54:00
12,98,3,0,1,2026-03-03 11:04:00
50,25,4,1,1,2026-04-24 08:08:00
31,23,2,0,1,2026-05-03 07:32:00
34,99,5,1,1,2026-04-10 17:36:00
30,68,2,0,1,2026-05-02 18:35:00
36,73,3,0,1,2026-03-02 21:55:00
37,103,3,1,1,2026-05-05 17:42:00
31,74,4,1,1,2026-03-02 20:51:00
31,51,3,1,1,2026-04-16 14:19:00
32,57,4,1,1,2026-01-18 21:53:00
39,55,3,0,1,2026-04-19 11:04:00
1,71,3,1,1,2026-03-20 19:14:00
24,102,4,1,1,2026-03-14 10:58:00
11,73,4,1,1,2026-04-08 21:52:00
31,54,5,1,1,2026-02-17 11:48:00
4,19,3,1,1,2026-01-07 06:14:00
44,52,3,0,1,2026-01-28 11:52:00
6,77,4,1,1,2026-05-21 20:24:00
8,16,2,0,1,2026-03-21 09:41:00
33,73,2,0,1,2026-01-27 20:01:00
18,23,3,1,1,2026-04-06 09:47:00
38,77,5,1,1,2026-02-07 21:21:00
28,27,3,1,1,2026-02-26 08:05:00
50,29,5,1,1,2026-05-21 12:15:00
11,30,4,1,1,2026-05-01 11:45:00
34,87,5,1,1,2026-04-17 16:57:00
6,103,3,0,1,2026-01-07 11:00:00
40,20,3,1,1,2026-05-05 06:36:00
28,75,5,1,1,2026-03-21 20:30:00
47,80,3,0,1,2026-05-31 19:54:00
41,1,3,1,1,2026-03-08 07:05:00
34,41,5,1,1,2026-04-14 12:54:00
2,42,5,1,1,2026-02-02 12:26:00
40,17,2,0,1,2026-04-11 08:31:00
49,45,3,1,1,2026-03-24 12:39:00
37,27,3,0,1,2026-04-28 06:29:00
28,23,3,0,1,2026-03-29 09:19:00
7,28,2,0,1,2026-03-21 14:28:00
5,53,3,0,1,2026-04-09 14:06:00
7,77,5,1,1,2026-04-13 18:25:00
7,59,3,1,1,2026-05-25 21:43:00
1,85,5,1,1,2026-02-23 22:21:00
22,24,2,0,1,2026-01-06 06:44:00
26,56,5,1,1,2026-03-20 20:49:00
36,89,2,0,1,2026-01-14 17:11:00
16,50,5,1,1,2026-04-20 11:45:00
23,18,3,1,1,2026-01-23 09:28:00
39,56,4,1,1,2026-03-15 18:05:00
27,102,3,1,1,2026-02-14 16:07:00
50,42,4,1,1,2026-03-21 12:46:00
22,41,4,1,1,2026-03-09 14:03:00
10,16,2,0,1,2026-03-14 09:38:00
34,57,3,1,1,2026-04-05 18:37:00
18,41,4,1,1,2026-04-26 14:20:00
49,28,2,0,1,2026-02-26 11:51:00
23,29,2,0,1,2026-05-14 11:01:00
42,3,3,0,1,2026-04-10 09:18:00
7,20,5,1,1,2026-02-20 07:38:00
3,49,3,0,1,2026-03-11 14:31:00
15,84,3,1,1,2026-05-30 21:34:00
24,79,3,0,1,2026-03-30 21:15:00
36,86,2,0,1,2026-03-14 16:44:00
9,3,4,1,1,2026-04-19 06:27:00
25,75,3,1,1,2026-02-23 19:41:00
34,49,4,1,1,2026-04-19 12:29:00
20,102,2,0,1,2026-01-23 16:35:00
37,57,2,0,1,2026-02-12 20:07:00
30,42,2,0,1,2026-02-28 11:40:00
7,58,5,1,1,2026-01-20 18:33:00
39,103,3,0,1,2026-01-04 22:31:00
11,58,3,0,1,2026-05-27 18:12:00
27,3,3,0,1,2026-04-08 08:29:00
21,77,3,1,1,2026-02-13 19:18:00
6,1,3,0,1,2026-01-17 09:28:00
4,27,4,1,1,2026-02-27 09:28:00
47,3,3,0,1,2026-03-28 07:11:00
48,16,4,1,1,2026-03-14 08:50:00
39,42,4,1,1,2026-03-11 14:22:00
49,59,3,0,1,2026-03-12 20:42:00
6,55,4,1,1,2026-04-27 14:26:00
33,1,2,0,1,2026-03-21 08:34:00
21,98,3,0,1,2026-02-13 17:48:00
40,89,3,1,1,2026-01-20 22:52:00
49,87,2,0,1,2026-05-14 22:42:00
12,59,4,1,1,2026-04-05 19:14:00
13,54,3,0,1,2026-01-05 13:35:00
47,4,3,0,1,2026-02-15 08:58:00
40,41,3,1,1,2026-01-20 12:18:00
42,100,3,0,1,2026-05-24 10:37:00
28,100,2,0,1,2026-04-21 15:38:00
25,77,4,1,1,2026-02-03 18:57:00
8,30,2,0,1,2026-03-15 14:44:00
33,19,4,1,1,2026-04-25 08:19:00
10,104,5,1,1,2026-03-09 22:13:00
46,1,4,1,1,2026-03-28 06:29:00
26,4,5,1,1,2026-03-28 09:43:00
18,85,2,0,1,2026-01-24 11:51:00
4,99,3,0,1,2026-03-06 16:07:00
33,24,3,1,1,2026-04-27 09:01:00
19,75,4,1,1,2026-01-27 21:09:00
8,82,4,1,1,2026-02-19 20:43:00
6,4,2,0,1,2026-01-16 09:54:00
23,3,5,1,1,2026-03-22 07:12:00
39,16,3,0,1,2026-05-12 07:26:00
43,19,3,0,1,2026-04-22 07:05:00
16,84,4,1,1,2026-03-05 20:49:00
17,58,5,1,1,2026-04-04 19:48:00
30,2,4,1,1,2026-01-12 08:10:00
5,102,4,1,1,2026-04-07 16:59:00
23,28,3,1,1,2026-05-11 12:44:00
23,75,4,1,1,2026-02-14 19:06:00
45,57,3,1,1,2026-03-01 18:17:00
45,20,4,1,1,2026-05-24 06:12:00
44,99,3,0,1,2026-01-13 16:51:00
25,88,5,1,1,2026-05-20 17:30:00
20,21,3,0,1,2026-01-11 09:05:00
23,25,5,1,1,2026-04-18 07:17:00
32,88,5,1,1,2026-03-21 22:49:00
2,55,4,1,1,2026-01-18 13:39:00
10,19,5,1,1,2026-04-21 06:53:00
38,20,5,1,1,2026-02-26 09:22:00
18,27,2,0,1,2026-05-29 06:32:00
23,86,5,1,1,2026-03-24 17:56:00
28,103,2,0,1,2026-02-17 10:18:00
11,25,4,1,1,2026-04-08 07:52:00
4,102,4,1,1,2026-03-16 22:08:00
13,19,4,1,1,2026-05-17 09:00:00
12,102,3,1,1,2026-01-16 17:37:00
9,18,4,1,1,2026-04-23 06:08:00
20,1,2,0,1,2026-03-09 09:29:00
46,55,3,1,1,2026-02-01 14:31:00
22,19,2,0,1,2026-01-03 07:42:00
17,83,5,1,1,2026-03-11 18:16:00
29,80,5,1,1,2026-04-23 19:01:00
13,20,5,1,1,2026-04-08 09:34:00
49,73,3,1,1,2026-01-10 18:16:00
27,22,2,0,1,2026-01-17 09:35:00
33,31,5,1,1,2026-05-12 11:13:00
16,100,5,1,1,2026-01-24 22:23:00
42,101,3,0,1,2026-02-18 11:03:00
49,98,3,0,1,2026-01-24 10:26:00
29,31,3,0,1,2026-02-03 12:55:00
18,103,3,0,1,2026-01-24 15:07:00
19,26,5,1,1,2026-03-24 07:10:00
34,2,5,1,1,2026-03-17 08:10:00
49,85,4,1,1,2026-03-04 22:28:00
42,2,3,1,1,2026-05-06 07:35:00
9,73,4,1,1,2026-05-02 20:02:00
17,46,3,0,1,2026-01-05 11:00:00
35,27,2,0,1,2026-01-14 07:29:00
48,99,2,0,1,2026-04-10 11:08:00
26,1,5,1,1,2026-04-15 06:35:00
39,75,5,1,1,2026-02-22 19:11:00
29,29,4,1,1,2026-03-03 13:46:00
13,26,5,1,1,2026-02-20 08:14:00
18,18,4,1,1,2026-03-30 06:21:00
9,103,4,1,1,2026-02-21 10:20:00
19,55,3,0,1,2026-01-24 11:14:00
26,23,4,1,1,2026-03-29 06:35:00
31,22,4,1,1,2026-03-01 06:22:00
1,19,4,1,1,2026-03-04 08:18:00
23,1,5,1,1,2026-01-30 08:35:00
6,2,2,0,1,2026-03-31 08:07:00
13,4,5,1,1,2026-01-16 06:53:00
34,59,3,0,1,2026-05-23 21:53:00
44,2,3,1,1,2026-05-10 06:46:00
38,85,5,1,1,2026-01-23 11:46:00
30,74,5,1,1,2026-04-22 19:48:00
8,87,5,1,1,2026-05-11 15:01:00
39,82,2,0,1,2026-01-25 18:58:00
22,51,4,1,1,2026-02-12 14:01:00
19,17,5,1,1,2026-05-31 06:21:00
25,98,5,1,1,2026-03-16 11:29:00
23,56,5,1,1,2026-01-28 20:39:00
50,28,4,1,1,2026-05-01 12:09:00
31,85,2,0,1,2026-05-23 17:46:00
34,21,5,1,1,2026-02-24 07:30:00
4,58,3,0,1,2026-01-19 18:10:00
18,28,3,0,1,2026-02-17 13:17:00
47,89,3,0,1,2026-05-07 11:58:00
33,27,2,0,1,2026-04-20 09:11:00
23,59,3,0,1,2026-01-20 21:20:00
18,101,4,1,1,2026-03-05 22:51:00
8,3,5,1,1,2026-05-05 07:14:00
22,44,4,1,1,2026-04-17 14:24:00
33,88,3,1,1,2026-01-31 15:09:00
7,31,4,1,1,2026-01-28 12:27:00
11,98,4,1,1,2026-02-27 22:14:00
34,100,4,1,1,2026-02-06 22:56:00
20,98,3,0,1,2026-04-17 11:09:00
47,20,3,1,1,2026-02-23 06:50:00
7,47,3,1,1,2026-03-16 13:07:00
6,75,4,1,1,2026-05-07 18:06:00
17,84,5,1,1,2026-01-31 18:21:00
43,73,3,1,1,2026-05-26 18:35:00
15,27,3,1,1,2026-04-18 07:36:00
13,98,5,1,1,2026-01-03 11:32:00
14,101,5,1,1,2026-04-07 16:11:00
25,30,4,1,1,2026-01-05 13:05:00
32,55,2,0,1,2026-02-23 14:26:00
37,55,4,1,1,2026-04-29 11:55:00
37,29,5,1,1,2026-05-21 14:29:00
23,21,5,1,1,2026-03-02 06:29:00
41,55,4,1,1,2026-04-11 14:53:00
41,27,3,1,1,2026-01-03 09:59:00
22,75,4,1,1,2026-03-26 20:57:00
45,72,3,1,1,2026-04-07 21:53:00
37,25,2,0,1,2026-03-27 06:32:00
4,42,4,1,1,2026-05-28 11:48:00
35,21,3,1,1,2026-01-14 08:48:00
33,25,3,0,1,2026-02-03 06:30:00
13,77,4,1,1,2026-04-06 18:39:00
20,80,3,1,1,2026-04-05 19:28:00
48,73,4,1,1,2026-03-06 20:47:00
6,31,3,1,1,2026-01-26 13:34:00
48,100,3,1,1,2026-05-29 22:00:00
44,77,2,0,1,2026-04-25 20:36:00
44,50,2,0,1,2026-02-09 13:21:00
31,73,4,1,1,2026-02-04 21:58:00
8,98,5,1,1,2026-04-06 11:24:00
45,53,4,1,1,2026-03-14 12:11:00
7,51,3,1,1,2026-04-29 11:28:00
38,48,3,0,1,2026-01-31 13:31:00
43,24,3,1,1,2026-05-05 09:14:00
49,84,4,1,1,2026-02-01 20:04:00
15,16,4,1,1,2026-03-18 06:43:00
41,103,3,0,1,2026-03-12 10:52:00
13,73,3,1,1,2026-04-28 19:46:00
16,101,5,1,1,2026-04-24 11:05:00
23,89,4,1,1,2026-05-23 17:00:00
19,42,3,1,1,2026-02-12 14:31:00
10,58,5,1,1,2026-02-27 20:33:00
2,57,2,0,1,2026-04-19 19:11:00
41,88,4,1,1,2026-01-09 22:42:00
25,49,4,1,1,2026-02-11 12:40:00
6,56,3,0,1,2026-03-15 20:22:00
6,29,4,1,1,2026-03-13 11:44:00
40,4,3,0,1,2026-01-06 08:02:00
38,42,2,0,1,2026-03-25 11:38:00
46,4,5,1,1,2026-04-13 06:39:00
13,99,5,1,1,2026-01-24 17:46:00
14,19,5,1,1,2026-04-08 08:28:00
14,4,5,1,1,2026-01-17 07:27:00
31,87,3,0,1,2026-03-11 16:14:00
48,25,3,0,1,2026-04-09 08:13:00
28,20,2,0,1,2026-05-06 09:19:00
7,74,4,1,1,2026-04-28 20:05:00
26,59,3,1,1,2026-02-11 18:13:00
47,48,4,1,1,2026-02-22 14:11:00
27,88,3,1,1,2026-04-13 15:28:00
32,2,5,1,1,2026-03-15 07:07:00
39,58,3,1,1,2026-05-05 21:21:00
18,58,3,0,1,2026-01-20 19:08:00
6,50,2,0,1,2026-02-05 11:02:00
29,50,5,1,1,2026-02-09 14:18:00
8,28,3,0,1,2026-01-20 13:54:00
2,98,3,1,1,2026-05-14 16:40:00
29,73,3,0,1,2026-01-04 19:41:00
41,28,4,1,1,2026-03-21 13:57:00
33,41,5,1,1,2026-03-21 12:20:00
45,73,4,1,1,2026-02-16 18:17:00
9,75,3,1,1,2026-02-14 21:44:00
40,23,3,1,1,2026-02-04 06:16:00
12,1,4,1,1,2026-03-21 06:40:00
35,75,4,1,1,2026-03-31 19:46:00
17,1,5,1,1,2026-01-01 06:54:00
50,5,3,0,1,2026-01-10 07:59:00
47,58,3,1,1,2026-03-10 21:40:00
44,45,5,1,1,2026-02-19 13:29:00
44,20,2,0,1,2026-05-18 08:24:00
47,1,3,1,1,2026-03-07 06:08:00
27,76,4,1,1,2026-03-11 21:49:00
25,1,5,1,1,2026-04-27 06:02:00
49,50,3,1,1,2026-04-20 11:14:00
5,85,2,0,1,2026-04-30 15:43:00
35,85,3,0,1,2026-05-06 11:39:00
42,1,4,1,1,2026-02-16 09:58:00
24,85,3,0,1,2026-02-09 15:38:00
28,28,4,1,1,2026-03-03 13:18:00
35,1,2,0,1,2026-05-15 06:43:00
14,80,5,1,1,2026-04-08 18:49:00
26,98,5,1,1,2026-05-23 16:11:00
39,100,3,0,1,2026-01-09 22:32:00
19,56,4,1,1,2026-03-31 20:50:00
49,5,2,0,1,2026-01-03 08:09:00
3,1,5,1,1,2026-05-14 08:39:00
21,18,4,1,1,2026-02-05 07:21:00
36,3,3,1,1,2026-05-29 08:26:00
1,46,2,0,1,2026-04-01 14:39:00
19,54,3,0,1,2026-02-15 11:44:00
36,85,3,0,1,2026-04-30 16:26:00
44,98,3,0,1,2026-01-27 15:33:00
11,1,4,1,1,2026-03-03 07:03:00
38,29,3,0,1,2026-03-13 12:01:00
24,43,4,1,1,2026-04-08 14:52:00
30,48,3,1,1,2026-03-31 14:26:00
27,75,3,0,1,2026-02-11 20:14:00
38,4,5,1,1,2026-01-30 08:01:00
39,45,4,1,1,2026-05-07 11:24:00
35,44,5,1,1,2026-04-13 11:40:00
26,78,3,0,1,2026-04-03 19:41:00
49,29,3,0,1,2026-03-05 13:58:00
15,23,4,1,1,2026-02-08 08:01:00
43,30,3,1,1,2026-02-17 12:11:00
40,87,2,0,1,2026-01-17 15:07:00
16,45,4,1,1,2026-01-03 12:28:00
31,24,2,0,1,2026-03-07 09:56:00
7,99,5,1,1,2026-01-20 22:55:00
35,100,3,1,1,2026-03-19 16:47:00
2,81,4,1,1,2026-01-22 20:32:00
8,20,5,1,1,2026-02-08 09:07:00
50,89,4,1,1,2026-04-21 11:52:00
24,77,3,0,1,2026-02-17 18:50:00
40,19,3,1,1,2026-03-31 06:42:00
26,31,3,1,1,2026-05-18 13:44:00
1,4,5,1,1,2026-05-09 07:03:00
6,89,4,1,1,2026-04-21 10:50:00
19,2,5,1,1,2026-02-12 09:10:00
21,55,3,1,1,2026-02-02 13:46:00
4,89,4,1,1,2026-01-16 17:47:00
35,70,4,1,1,2026-04-27 20:49:00
23,30,3,0,1,2026-04-21 12:30:00
23,73,2,0,1,2026-03-17 19:48:00
45,83,4,1,1,2026-03-18 21:06:00
21,84,3,0,1,2026-05-05 20:40:00
14,87,5,1,1,2026-03-04 17:33:00
18,100,3,0,1,2026-01-07 15:38:00
20,88,3,0,1,2026-01-13 22:30:00
39,23,4,1,1,2026-01-04 07:45:00
22,80,2,0,1,2026-01-28 21:12:00
20,57,4,1,1,2026-05-13 19:07:00
25,27,5,1,1,2026-01-20 08:24:00
35,59,3,1,1,2026-03-27 20:17:00
20,50,3,0,1,2026-02-12 12:51:00
43,85,3,1,1,2026-05-05 16:01:00
27,54,3,1,1,2026-03-25 14:49:00
28,19,2,0,1,2026-04-27 09:17:00
45,98,5,1,1,2026-05-31 11:31:00
43,4,4,1,1,2026-03-30 09:44:00
30,82,3,1,1,2026-05-24 19:31:00
35,55,3,1,1,2026-03-09 12:33:00
22,47,3,0,1,2026-01-11 13:23:00
45,55,3,0,1,2026-04-16 13:16:00
45,19,5,1,1,2026-02-18 09:32:00
30,88,4,1,1,2026-01-23 10:42:00
13,82,4,1,1,2026-01-21 21:54:00
47,81,3,1,1,2026-03-26 19:06:00
3,103,5,1,1,2026-05-28 22:58:00
45,46,3,1,1,2026-05-19 11:42:00
34,80,5,1,1,2026-02-15 20:25:00
38,80,5,1,1,2026-02-05 18:09:00
1,99,5,1,1,2026-03-18 16:20:00
49,3,2,0,1,2026-04-13 08:00:00
16,3,5,1,1,2026-02-03 07:09:00
4,86,4,1,1,2026-02-27 22:09:00
1,47,3,1,1,2026-05-20 13:39:00
6,88,2,0,1,2026-05-22 22:55:00
43,88,4,1,1,2026-03-22 17:04:00
38,24,5,1,1,2026-02-11 06:09:00
28,31,4,1,1,2026-03-10 14:12:00
49,1,3,1,1,2026-03-13 07:10:00
14,88,4,1,1,2026-01-22 15:09:00
34,78,4,1,1,2026-03-19 21:45:00
2,80,4,1,1,2026-04-29 18:35:00
20,89,3,1,1,2026-01-10 11:17:00
4,20,4,1,1,2026-05-31 06:48:00
16,17,4,1,1,2026-03-29 06:55:00
8,99,5,1,1,2026-02-03 17:45:00
22,104,3,1,1,2026-01-24 15:52:00
5,89,3,0,1,2026-05-29 15:46:00
17,53,4,1,1,2026-01-27 11:14:00
5,1,3,0,1,2026-04-08 07:31:00
10,18,3,1,1,2026-02-22 08:38:00
36,31,4,1,1,2026-04-06 12:29:00
47,54,5,1,1,2026-01-14 13:55:00
36,1,3,0,1,2026-02-14 08:04:00
36,80,3,0,1,2026-01-02 18:11:00
25,59,2,0,1,2026-02-15 21:57:00
50,41,3,1,1,2026-01-07 12:54:00
15,73,4,1,1,2026-04-19 19:31:00
11,59,3,0,1,2026-04-12 21:11:00
43,80,4,1,1,2026-05-22 20:02:00
46,25,5,1,1,2026-04-24 06:14:00
11,27,3,1,1,2026-02-19 07:17:00
43,99,3,0,1,2026-02-16 16:02:00
4,75,5,1,1,2026-01-20 19:00:00
12,31,4,1,1,2026-01-15 14:43:00
11,50,2,0,1,2026-03-30 14:41:00
13,72,4,1,1,2026-01-11 18:12:00
47,47,4,1,1,2026-05-15 14:56:00
33,86,3,0,1,2026-05-15 15:11:00
26,87,5,1,1,2026-04-23 10:12:00
7,29,4,1,1,2026-05-05 13:02:00
29,19,4,1,1,2026-02-21 06:31:00
11,80,3,1,1,2026-03-22 19:29:00
28,77,4,1,1,2026-05-06 19:20:00
12,82,3,0,1,2026-05-25 18:03:00
8,42,4,1,1,2026-02-07 14:05:00
40,103,3,0,1,2026-03-18 17:25:00
11,82,3,1,1,2026-02-24 19:52:00
22,78,2,0,1,2026-03-07 19:29:00
10,75,3,1,1,2026-03-28 20:48:00
10,87,5,1,1,2026-05-08 17:29:00
25,55,4,1,1,2026-01-02 12:28:00
42,23,2,0,1,2026-03-22 06:08:00
17,87,5,1,1,2026-01-15 15:42:00
37,42,4,1,1,2026-05-26 12:57:00
24,22,4,1,1,2026-03-30 07:26:00
30,86,2,0,1,2026-01-29 22:03:00
24,16,3,1,1,2026-02-19 06:11:00
49,18,2,0,1,2026-01-02 06:49:00
44,4,4,1,1,2026-03-19 08:58:00
5,82,2,0,1,2026-03-12 21:21:00
6,100,2,0,1,2026-05-14 15:29:00
1,87,5,1,1,2026-03-17 11:03:00
28,101,2,0,1,2026-02-20 16:47:00
46,50,5,1,1,2026-05-17 14:20:00
10,51,4,1,1,2026-04-30 11:17:00
1,26,5,1,1,2026-03-03 08:25:00
48,85,4,1,1,2026-05-06 10:11:00
40,2,3,0,1,2026-03-02 08:37:00
23,24,5,1,1,2026-03-15 08:09:00
43,86,3,1,1,2026-01-25 16:42:00
12,80,4,1,1,2026-03-23 20:15:00
43,29,4,1,1,2026-03-06 13:16:00
16,58,5,1,1,2026-05-29 18:55:00
8,89,5,1,1,2026-02-17 22:42:00
46,53,3,1,1,2026-05-24 14:00:00
20,28,3,0,1,2026-02-28 12:19:00
45,3,5,1,1,2026-02-16 06:45:00
44,17,5,1,1,2026-03-21 08:48:00
33,55,3,0,1,2026-03-15 13:34:00
36,25,3,0,1,2026-02-25 09:11:00
7,79,3,1,1,2026-02-25 18:22:00
6,21,3,1,1,2026-01-26 09:39:00
41,21,4,1,1,2026-04-22 09:52:00
43,56,3,0,1,2026-05-03 21:44:00
24,23,2,0,1,2026-05-17 06:41:00
42,20,3,1,1,2026-05-13 08:27:00
50,77,3,0,1,2026-02-19 18:40:00
48,98,3,1,1,2026-05-23 10:23:00
23,19,5,1,1,2026-01-31 09:47:00
38,82,3,1,1,2026-01-11 19:43:00
31,98,4,1,1,2026-03-26 16:34:00
50,16,3,1,1,2026-05-18 07:35:00
18,31,5,1,1,2026-01-28 12:06:00
40,88,4,1,1,2026-03-29 17:34:00
15,30,4,1,1,2026-03-04 12:35:00
25,56,5,1,1,2026-03-01 18:42:00
47,74,3,0,1,2026-02-28 21:39:00
10,25,4,1,1,2026-02-10 09:26:00
25,41,5,1,1,2026-04-04 14:14:00
11,41,3,0,1,2026-04-16 13:45:00
30,76,4,1,1,2026-02-07 19:21:00
5,54,4,1,1,2026-02-06 12:29:00
34,5,5,1,1,2026-01-23 06:39:00
40,42,4,1,1,2026-02-21 14:25:00
23,20,4,1,1,2026-02-21 08:48:00
23,99,5,1,1,2026-03-29 15:52:00
40,52,4,1,1,2026-04-19 11:12:00
37,82,3,0,1,2026-01-29 21:23:00
6,5,3,0,1,2026-01-18 07:37:00
44,103,4,1,1,2026-04-03 10:28:00
7,56,5,1,1,2026-03-28 19:21:00
1,86,4,1,1,2026-01-24 22:27:00
10,21,5,1,1,2026-03-12 07:40:00
47,41,5,1,1,2026-01-10 12:14:00
38,73,3,1,1,2026-04-09 20:00:00
33,82,3,0,1,2026-01-24 21:06:00
35,20,4,1,1,2026-03-01 09:43:00
15,24,2,0,1,2026-03-08 07:32:00
15,88,3,1,1,2026-01-08 22:39:00
9,2,5,1,1,2026-04-22 09:47:00
39,73,3,1,1,2026-04-01 19:54:00
26,84,5,1,1,2026-05-28 18:16:00
35,88,3,0,1,2026-05-14 15:43:00
15,103,3,0,1,2026-04-09 17:32:00
9,52,3,1,1,2026-03-28 12:31:00
37,58,3,0,1,2026-05-24 19:08:00
38,72,3,1,1,2026-05-02 20:04:00
40,102,3,1,1,2026-05-30 10:48:00
2,27,4,1,1,2026-02-19 09:31:00
39,50,3,0,1,2026-03-20 12:13:00
40,99,3,1,1,2026-05-21 11:56:00
36,24,3,1,1,2026-05-08 07:10:00
21,41,3,1,1,2026-01-15 11:28:00
46,41,5,1,1,2026-02-02 11:08:00
3,77,3,1,1,2026-03-28 21:46:00
27,69,3,0,1,2026-02-12 21:06:00
14,58,5,1,1,2026-02-20 21:06:00
15,101,3,1,1,2026-04-21 10:00:00
42,29,4,1,1,2026-02-16 11:30:00
25,82,5,1,1,2026-05-11 18:25:00
23,57,5,1,1,2026-05-02 20:45:00
37,88,2,0,1,2026-03-17 16:43:00
4,41,2,0,1,2026-02-23 12:16:00
40,29,4,1,1,2026-03-24 11:01:00
22,52,2,0,1,2026-05-21 13:30:00
39,53,2,0,1,2026-04-12 14:33:00
36,27,3,1,1,2026-02-26 06:30:00
28,45,3,0,1,2026-01-24 12:00:00
40,86,3,0,1,2026-03-18 16:26:00
29,101,5,1,1,2026-04-02 22:29:00
21,19,3,0,1,2026-01-03 09:58:00
41,25,3,1,1,2026-05-28 06:07:00
43,98,2,0,1,2026-03-08 22:06:00
44,23,3,0,1,2026-05-13 06:05:00
15,4,3,0,1,2026-03-13 06:36:00
25,53,4,1,1,2026-05-13 14:38:00
43,5,4,1,1,2026-02-26 08:58:00
12,53,3,0,1,2026-01-16 11:29:00
10,88,5,1,1,2026-02-09 11:42:00
33,29,4,1,1,2026-01-30 13:45:00
23,100,4,1,1,2026-02-27 16:21:00
7,69,3,0,1,2026-01-16 21:06:00
3,98,5,1,1,2026-01-06 17:09:00
24,31,3,0,1,2026-01-07 14:45:00
5,41,3,1,1,2026-02-08 14:34:00
34,98,5,1,1,2026-04-02 10:55:00
37,78,4,1,1,2026-01-24 18:30:00
18,102,3,1,1,2026-01-22 17:37:00
28,56,3,1,1,2026-04-29 18:21:00
23,17,4,1,1,2026-03-19 07:41:00
22,74,4,1,1,2026-01-01 18:42:00
42,45,5,1,1,2026-04-26 13:46:00
23,85,5,1,1,2026-02-15 17:34:00
24,84,4,1,1,2026-02-06 18:02:00
24,72,5,1,1,2026-03-04 18:43:00
28,30,4,1,1,2026-04-09 14:15:00
22,58,2,0,1,2026-05-11 18:46:00
41,98,4,1,1,2026-02-27 10:01:00
42,25,3,1,1,2026-04-01 06:00:00
29,59,4,1,1,2026-05-08 19:39:00
49,80,2,0,1,2026-05-10 20:26:00
1,55,3,0,1,2026-01-01 13:49:00
1,74,4,1,1,2026-01-18 19:25:00
11,2,3,1,1,2026-05-02 09:41:00
